[{"factId":1,"isTrue":true,"text":"Tomatoes are a fruit"},{"factId":2,"isTrue":false,"text":"The longest word comprised of one row on the keyboard is: TYPEWRITER"},{"factId":3,"isTrue":false,"text":"Van Gogh only sold one painting when he was alive."},{"isTrue":false,"factId":4,"text":"A cat cannot see directly under its nose."},{"isTrue":false,"factId":5,"text":"Celery has negative calories! It takes more calories to eat a piece of celery than the celery has in it."},{"factId":6,"text":"The worlds largest tyre manufacturer is LEGO","isTrue":true},{"factId":7,"isTrue":true,"text":"Cheese is a kind of meat"},{"text":"i love dogs","isTrue":true,"factId":9},{"text":"i love cats","isTrue":false},{"text":"bassenthwaite is the only lake in the lake district","isTrue":"true","factId":10},{"text":"dogs > cats","isTrue":true,"factId":11},{"text":"dogs > cats","isTrue":true,"factId":12},{"text":"dogs > cats","isTrue":true,"factId":13},{"text":"dogs > cats","isTrue":true,"factId":14},{"text":"dogs > cats","isTrue":true,"factId":15}]